,2,4,6,8,10,12,14,16,18,20,22,24,26,28,30,32,34,36,38,40,42,44,46,48,50,52,54,56,58,60,62,64,66,68,70,72,74,76,78,80,82,84,86,88,90,92,94,96,98,100,102,104,106,108,110,112,114,116,118,120,122,124,126,128,130,132,134,136,138,140,142,144,146,148,150,152,154,156,158,160,162,164,166,168,170,172,174,176,178,180,182,184,186,188,190,192,194,196,198,200,202,204,206,208,210,212,214,216,218,220,222,224,226,228,230,232,234,236,238,240,242,244,246,248,250,252,254,256,258,260,262,264,266,268,270,272,274,276,278,280,282,284,286,288,290,292,294,296,298,300
20000,6.597915,6.875713,6.908716667,8.455108333,7.243517333,6.1693,5.285102,4.589326,3.895390667,4.061640667,3.807646,3.966506,4.219629667,4.563678,4.198195667,4.056639,4.046095667,3.791182667,3.662493,3.865929,3.752607333,3.659467,3.672669333,3.681975,4.043997667,3.497516667,3.670905,4.354628667,3.429328667,3.781994667,3.653243667,4.033357333,3.518067,3.917845333,4.574906333,8.878657,9.427303667,9.057422,8.803540667,9.866789,9.111812667,6.640555333,6.277435667,5.187240333,4.462336667,4.301607333,3.857257333,2.477736333,2.276077667,2.24439,2.235881,2.246379333,2.236927,2.550533333,2.412586,2.275465333,2.282784333,2.29323,2.313704,2.362685667,2.346265667,2.334977667,2.383642333,2.370934333,2.362600667,2.370895667,2.392827,2.431084667,2.46536,2.446934333,2.393896333,2.312859,2.348036667,2.315670667,2.360813667,2.471231333,2.375813,2.472523,3.815498333,3.186273,2.701280667,2.820221333,2.643889333,2.79255,3.472195,3.145507667,2.795705,2.635245,2.623063333,2.64507,2.64887,2.881916,2.708107667,2.743781,2.735691667,2.735881333,2.765195333,2.757551333,3.066702667,3.129398667,2.813227,2.792212667,2.800992667,2.804744667,2.829107333,2.853188667,2.750324,2.735968333,2.746921333,2.794826333,2.817281,2.788913667,3.121596333,4.616725333,3.038927667,2.911180667,2.895996333,2.948509667,2.989423667,2.959764667,2.985683333,3.079292,3.042254667,3.089053,3.103022333,3.881915,3.419821333,4.299279,3.178891,3.226593333,3.203987667,3.311184333,3.319261667,3.281933,3.239893,3.236539333,3.222723333,3.222732667,3.399733667,3.783023667,3.675454333,3.667963,3.293990333,3.778468,3.865682667,3.669047,3.606594333,3.621447,4.166403333,4.219773
520000,85.307672,86.05031367,86.18656467,77.13127233,77.44935167,77.13244967,78.61950067,80.94708033,79.156678,77.42101067,77.10881267,78.42983633,78.89537,81.16292233,80.59443033,86.94615233,83.33433133,85.354243,84.14184733,82.46010933,85.47469267,85.86912633,85.25089733,89.71706533,88.81380933,89.539974,88.75486233,90.60365833,94.36297733,92.96341,93.58400033,98.30306867,96.26421633,97.18674767,95.76968133,99.96619567,99.44632133,102.327507,101.4944973,104.539986,105.2099287,107.543694,107.9860037,108.8880433,109.1220287,108.2767163,109.6878157,110.9092917,111.434169,112.765274,112.791842,113.7047717,117.1780637,117.3715863,116.101066,122.3309367,120.465717,123.3181403,119.4901717,123.285966,123.8045327,127.757277,124.6379867,126.815723,129.1990483,129.5756063,128.7900163,138.3186483,133.6773783,135.022217,133.5255787,135.228529,137.8708607,138.368348,136.939976,139.338456,140.002954,141.0085497,141.100394,143.9265253,148.4499523,146.99293,145.2548937,149.3867523,149.7957283,156.8716107,149.6498773,154.138999,153.724494,156.5461743,154.244726,157.6149413,162.66238,162.5137577,158.4980803,160.837082,162.231846,163.233487,162.2757527,170.6924117,168.7281063,170.5423033,167.8629027,169.523703,171.8571187,172.8154453,172.6242653,173.7161477,174.966265,176.276235,175.6527453,181.9177193,184.8415243,181.8329437,197.091419,182.8523033,183.126927,184.5014353,184.313835,188.351817,186.9215117,187.4883733,188.1299927,189.5015147,194.3547477,191.6810037,190.8447587,195.1037163,194.4231627,195.5027037,194.1559863,197.8655043,198.98908,200.0020477,199.3234967,201.117799,205.3412253,204.8905503,202.6495577,206.3586663,211.1073173,209.576438,212.0254637,210.856103,212.0908433,213.025514,212.6916057,215.614902,216.1818347,216.4424037
1020000,179.1527593,173.9389283,172.4372397,176.077646,170.937614,170.927523,170.533172,176.251135,173.1735977,172.6792723,173.7193227,174.1066577,175.8302533,179.1094593,179.1364773,180.243968,182.893733,183.2750093,195.394665,186.514516,187.5083657,192.3465877,191.2007837,193.5250377,196.7555013,201.6531853,198.8429173,200.2822587,201.0087423,204.147623,205.294313,207.4205597,212.760979,212.5006183,212.492226,221.016592,217.9459923,221.215564,220.1535573,223.50291,224.8399977,231.694314,229.5470557,232.3957007,233.748629,234.3958497,254.161239,240.254644,242.147049,242.7420043,246.878946,250.517003,249.6316523,250.8258623,254.8026893,254.853943,255.9393617,256.5989563,260.5028153,265.754229,264.7804607,267.137583,266.5469643,269.428261,274.39704,276.603938,276.3435947,303.218397,283.653573,282.3532643,283.2420843,308.4234407,287.2400303,294.1126377,298.3460757,296.6539077,300.7903717,299.325297,303.9752357,323.7211347,335.652566,320.795703,339.8977867,346.499181,342.809541,350.5557563,352.7384583,356.497162,350.9060473,338.7408403,335.9103617,331.594331,331.6702323,332.083573,336.810604,346.302359,342.3241307,341.8308117,353.142857,347.1605053,352.4339707,349.5918367,356.6190553,356.5474117,355.5155607,361.3022977,363.0008253,369.1993553,373.850927,369.8007503,392.8788263,394.679738,385.0808377,378.2568673,386.1202457,380.5436597,383.625685,389.6216087,386.179138,391.098428,389.6771363,390.4941993,393.6206437,396.738179,400.5745703,398.087653,397.9479747,403.4948813,404.760967,437.2880533,432.1844693,431.5814243,414.7824007,435.3021717,420.9251783,422.7651903,422.808215,492.175106,468.4294177,440.1729283,432.8053197,441.744838,440.1262277,439.0820407,446.15943,445.5629383,445.2665967,448.8697963,449.9649973,458.3404297
1520000,363.2781293,312.504084,308.529362,307.7334743,305.537164,305.474484,307.2204473,309.9129733,310.7197513,308.9249793,312.1886907,318.0058087,316.2827317,315.7749793,318.569952,318.3136433,322.9110547,323.7592007,325.1219133,324.9764987,328.667033,332.4402047,329.1653247,336.76108,356.7084293,339.3256127,342.181109,343.4810687,348.9392887,346.4681873,345.0716117,350.2755887,353.7355123,357.7850717,354.9526553,390.9627597,434.5247407,415.589585,412.0468367,429.065933,421.5907803,415.6046877,449.996268,432.1709903,423.0308687,411.9725957,426.374826,394.8607667,409.344354,396.8698987,446.4798857,471.5856113,464.0641293,441.5185947,464.0249227,458.6201827,477.6337743,482.8174127,491.616911,486.447406,496.0330577,504.128639,464.6778537,507.9333963,517.7575353,506.4046157,518.0777607,482.0170697,515.9660347,520.526653,529.8284353,541.893155,499.468718,490.5143517,520.791014,525.971931,564.2879447,533.328568,534.438923,566.7230047,542.2034617,579.7441787,565.621718,535.6808077,491.3971033,494.6832773,493.511732,499.4435217,504.5427983,507.5131893,542.7447923,538.5196403,515.1447667,516.3736573,518.6172893,525.8973287,527.7274147,532.4480277,536.0304307,532.2056737,543.3831667,542.4051817,543.8813867,547.589983,546.6492533,550.823945,557.9863403,565.9189327,562.7021623,564.9003787,565.620817,566.4743793,570.7611397,577.8306693,575.7089183,590.6750043,585.4158553,588.3907093,589.5804037,595.003224,600.479059,598.90889,602.4293657,605.2155483,611.651957,618.5360123,672.343811,741.3509187,746.280989,675.7933373,668.9564077,697.9273303,641.862408,707.0736377,725.7699677,745.5917093,718.716589,659.3073493,754.9731987,734.9446463,743.308102,713.913064,759.3605597,755.9231447,745.2786027,721.0891473,740.7171093,708.3765003,744.448323,763.389274
2020000,479.792676,471.2711303,401.2372413,433.9444783,449.8705243,441.6212777,422.3147453,440.9715573,433.2534343,461.9598067,460.467217,467.3572303,421.4065657,413.8401087,413.7691873,423.3109233,422.1881237,423.0653213,423.0986,425.4200927,425.0214663,430.0646357,431.851751,442.9681453,441.4645363,443.902366,454.727983,460.0082317,452.1531227,463.4879113,462.3117307,471.0750187,465.9512893,474.3069197,485.6204677,476.5097403,475.4696377,487.0061523,495.2889093,491.7542373,497.2520187,499.4727263,501.8414207,507.1239,509.6864733,525.5687327,520.2634213,528.688115,523.0207563,528.3972343,533.1946697,543.9728207,537.1163543,549.2886637,558.2215693,556.4795893,552.3273313,568.0604187,566.2167047,568.6822637,576.2790083,578.7732987,589.2143187,591.171665,589.0115953,593.2799903,594.8016143,595.5717847,618.658736,667.279179,684.9375743,659.6255287,663.4495997,721.5666773,747.9356123,699.440377,671.3463833,677.7006807,696.509237,740.8804377,718.7733907,718.1007357,712.7326923,752.303672,717.657047,694.1650977,763.795363,726.705209,777.5232887,755.356282,746.100448,789.1323327,800.958487,799.7798547,767.7898547,796.731277,758.025835,777.447038,807.1116473,804.5328663,805.0331873,883.7912033,799.7270053,781.6774323,842.558236,855.523879,867.892489,816.642451,865.2378393,846.8263603,861.000344,849.6174747,883.4969353,870.05203,862.2367163,836.9311743,875.8657753,849.689279,875.4090047,887.0989593,854.8972037,877.2302563,855.7068377,853.3402093,864.7161297,897.9527103,924.4297087,932.1973927,933.687858,960.075961,963.3365243,935.3484677,933.9677353,909.6000217,1249.569118,1086.067409,979.037199,952.6859553,962.6121673,1017.490955,979.3153927,980.1436797,986.6324723,1041.828021,1019.470173,1107.251305,1019.301487,1123.249822,1079.091026,1023.76233
2520000,690.998269,681.8865633,687.119826,793.4837167,719.316278,655.5907263,652.6912333,636.734842,633.5057457,629.2758013,640.852733,645.7501303,681.3812447,665.4825853,701.548722,707.7006687,699.2816243,702.6672767,717.6391613,731.0117523,734.8308023,766.1522957,754.814882,731.7324797,725.8736703,700.9443837,707.7387503,704.4572167,708.3814577,721.7712317,747.2116793,749.3293217,790.278404,768.0324387,742.8718647,676.6903127,746.3744,739.9709007,742.941909,759.8478933,792.481783,813.29617,789.0600257,778.8159127,792.0034237,824.6420683,826.7879757,870.5875937,882.6125577,826.9642207,847.1810113,884.4325087,830.8385477,818.9690167,815.2533027,865.154673,885.2883617,879.637567,836.7122953,880.3634193,908.9867997,894.5515873,863.4408733,913.9813563,910.893061,909.5958423,919.9708827,937.558725,937.2373517,955.4225467,936.5362233,943.4986077,957.7226057,945.9723933,970.343522,946.491897,977.043471,988.961193,1000.219634,915.653068,996.8687057,1023.58805,967.6431593,997.330815,1019.5909,1017.639412,1047.193845,1008.742382,957.9833333,957.6132047,968.9770093,970.9598593,1016.948804,1045.125626,988.3217457,1036.50768,1075.490633,1091.331994,1093.71161,1070.175574,1005.713778,1028.660039,1079.016343,1120.917041,1057.762365,1104.289051,1101.59259,1108.958044,1149.673241,1150.198851,1145.298418,1154.677277,1193.895723,1264.479102,1201.076455,1133.446865,1126.754479,1252.410505,1139.206815,1213.392629,1246.553236,1171.513778,1172.297093,1230.998131,1175.919504,1225.228479,1247.799463,1258.103318,1281.171667,1226.161798,1204.129238,1230.26402,1308.666786,1293.473193,1282.752737,1271.446569,1538.077261,1294.772877,1364.892926,1336.724869,1341.154529,1304.020407,1346.908275,1287.360653,1293.061788,1327.747119,1332.994444,1460.50505,1596.23554,1447.137337
3020000,857.000328,779.152398,777.3584117,756.508697,749.2078117,747.2690257,762.1944077,784.452232,784.0103527,773.8662153,837.1119687,818.6288033,745.521332,732.224376,743.8543643,794.8584843,820.97728,829.5027597,820.052367,826.8611363,842.45816,821.6269,824.1598653,825.8804333,833.8463893,837.806321,841.5566137,844.459566,852.3472893,858.4349737,883.8478773,869.4555347,872.4115473,874.6088417,887.4199857,885.322399,968.6443693,987.1893487,935.0912733,959.945975,959.202207,943.132232,926.634505,939.3624963,957.3949197,988.0452573,979.194299,984.644483,994.810583,1001.54563,993.5361313,998.505976,995.5981343,992.493181,1004.580809,1069.765143,1152.082854,1075.611168,1069.433424,1071.713023,1044.35385,1062.243235,1068.265419,1067.268454,1057.490606,1084.081718,1073.531801,1071.249345,1075.010856,1076.114564,1138.449162,1193.749994,1224.419726,1173.996966,1100.925256,1126.318787,1123.395758,1132.153099,1134.090314,1131.995255,1160.160578,1343.255942,1275.330602,1280.81373,1298.414961,1304.375068,1285.044345,1320.202361,1343.217769,1337.16662,1325.544414,1348.518069,1339.148074,1312.56864,1295.162834,1327.657994,1341.850945,1349.947766,1353.12195,1368.110129,1374.859067,1377.231242,1343.366955,1377.967591,1384.613531,1331.558413,1363.018912,1336.349819,1417.461808,1388.902032,1417.158503,1434.665086,1434.000343,1432.477461,1433.276066,1399.138361,1458.927871,1466.132159,1460.707015,1470.776047,1477.577765,1481.116229,1460.807611,1494.887613,1507.015183,1512.523682,1510.932707,1536.677981,1527.874452,1522.275261,1571.755285,1608.150006,1554.988069,1593.691207,1423.662884,1415.035371,1406.629861,1451.42236,1427.307366,1430.106071,1438.845498,1437.565387,1450.537485,1445.797759,1477.363221,1478.262144,1485.041914,1504.580132,1490.455793,1488.775229
3520000,957.2650033,932.9053793,919.6016633,910.9425327,909.118993,917.0183723,913.5864333,908.0880993,919.893394,919.8274993,924.3380653,925.7122963,939.6846697,935.2795417,947.9006777,950.433449,960.5901353,963.7171547,965.73884,975.6605803,977.5182567,987.8271717,990.1473587,999.8187253,1002.043675,1014.051981,1011.041615,1029.785543,1031.987735,1039.58929,1043.046117,1039.173005,1055.272942,1060.267503,1053.344557,1072.924624,1093.808244,1091.746469,1099.502467,1102.668766,1107.463989,1111.149726,1126.843668,1135.048675,1153.838173,1151.787581,1174.919485,1217.809254,1174.223687,1190.299888,1178.411105,1203.598659,1253.256509,1248.482497,1228.247654,1281.865853,1308.167725,1314.757608,1275.11949,1275.887467,1280.543994,1263.159038,1317.775331,1328.43627,1329.0351,1319.393762,1340.608912,1403.592781,1404.311897,1412.222823,1438.875626,1476.002897,1492.527011,1482.237237,1494.326688,1504.606729,1490.100527,1510.034347,1522.277232,1525.531473,1539.691934,1525.058148,1523.905682,1532.617167,1573.296209,1532.279372,1544.378193,1547.171127,1558.00887,1548.718844,1550.134785,1513.695606,1454.223181,1448.150852,1449.174013,1473.064556,1475.989537,1483.82917,1488.400474,1490.862821,1497.470812,1509.277447,1519.575142,1522.589209,1515.593762,1530.536167,1537.815025,1527.603972,1554.543142,1551.469876,1566.14128,1570.713504,1576.344889,1581.658151,1594.475862,1591.277846,1597.936623,1595.789673,1625.12711,1616.976238,1637.05148,1650.346971,1644.777875,1660.515224,1658.201537,1664.66914,1666.564424,1685.991293,1684.489651,1693.577946,1701.847674,1712.831029,1708.523955,1731.688212,1732.115179,1762.081115,1744.403101,1744.351189,1763.159277,1750.859245,1766.00245,1907.961968,1927.683923,2017.195413,2054.061662,2055.229466,2041.149204,2023.391056,2029.675874,1979.837641
4020000,1125.494507,1111.61661,1108.256821,1099.616312,1097.153923,1086.499985,1096.715874,1096.06358,1099.735888,1100.98589,1086.732642,1093.468119,1105.917778,1104.490783,1107.90481,1130.809009,1139.716012,1112.80448,1102.312525,1142.300679,1130.69938,1141.193311,1167.626137,1199.329074,1190.142351,1211.49041,1210.578713,1223.955732,1235.238138,1235.765179,1244.059003,1252.861955,1259.40601,1248.412194,1278.376092,1254.881998,1271.27735,1270.660707,1269.370817,1285.315162,1280.936933,1310.00546,1323.675748,1343.189228,1344.820468,1332.650993,1352.000634,1341.856259,1368.560146,1365.99128,1379.690618,1383.607408,1407.397548,1411.723218,1424.901706,1421.461367,1433.267588,1433.217287,1440.432323,1448.971385,1448.970368,1460.225975,1478.775772,1477.649724,1483.600383,1529.14735,1543.70179,1543.294859,1564.189631,1606.00648,1618.330857,1617.052957,1650.609473,1635.569005,1677.917567,1632.587346,1661.92562,1681.912526,1703.695581,1698.276462,1684.909701,1660.041356,1627.983269,1647.444511,1704.062076,1721.942648,1764.425365,1766.283775,1732.358657,1752.253339,1766.923044,1786.950279,1781.3096,1791.788459,1766.025617,1804.64538,1815.835506,1820.720617,1830.908157,1836.382338,1846.874804,1841.801227,1852.186064,1848.741968,1875.900278,1834.035228,1862.087127,1867.207772,1861.729352,1907.674458,1909.637827,1907.963184,1948.910315,1966.641025,1972.459715,1986.182821,1968.302752,1984.561097,2015.813581,1925.525858,1853.142842,1856.124835,1870.883305,1877.503582,1877.580282,1892.577113,1884.960446,1913.094326,1906.847632,1898.948791,2102.303444,2136.654079,2152.477343,2142.555072,2200.673942,2202.221572,2214.130322,2205.406668,2190.898798,2240.882716,2177.946113,2229.179938,2220.585178,2275.850276,2255.618976,2220.748123,2166.63909,2158.944646,2225.101399,2251.568532
4520000,1221.306695,1205.255804,1205.87621,1216.056577,1232.981155,1229.236477,1243.407807,1242.192611,1239.918686,1244.567692,1252.633714,1257.998779,1251.600722,1261.631982,1264.882739,1258.184284,1270.417707,1293.089539,1265.508755,1255.898627,1254.769047,1283.12464,1301.599301,1319.421384,1318.980664,1346.231384,1329.301573,1334.359193,1348.880514,1357.567564,1366.308569,1368.366558,1398.667486,1373.01995,1399.266459,1406.919259,1419.626065,1433.350276,1423.697922,1447.224974,1487.364053,1469.436379,1499.940174,1555.624761,1555.411173,1576.23634,1586.55001,1588.280108,1598.993183,1610.051456,1605.863879,1628.576692,1638.709529,1639.036123,1640.892497,1661.670621,1673.86557,1662.81805,1702.836604,1700.779476,1708.005894,1716.89385,1732.131702,1738.057656,1738.737061,1743.710741,1753.24785,1776.877023,1800.847346,1796.772286,1840.87594,1873.85551,1848.145973,1757.893237,1772.466453,1798.000367,1797.24518,1818.341365,1836.80504,1812.492806,1860.741358,1865.594891,1859.161114,1742.187956,1803.422998,1849.930639,1770.036954,1717.166383,1733.542884,1742.865777,1754.651614,1763.37329,1772.658826,1780.298495,1786.182222,1795.268227,1798.958472,1890.724021,1992.400772,1985.008704,2020.440588,2022.031997,2017.40244,2027.355967,2076.739792,2073.760562,2072.451419,2030.554182,2099.045986,2122.713081,2146.935609,2153.892045,2133.014994,2141.907063,2178.847483,2189.249492,2195.216755,2192.029677,2226.969955,2247.995511,2268.700741,2258.75342,2282.637579,2320.293959,2341.686884,2314.681809,2290.574528,2332.883741,2314.166544,2335.563231,2338.098766,2315.853254,2373.500665,2379.940645,2415.4953,2386.745755,2444.04611,2462.955121,2469.038329,2462.04926,2438.51186,2496.149636,2513.794687,2530.0048,2511.083895,2540.327742,2570.65566,2588.235602,2558.562545,2607.204619
5020000,1474.755001,1442.25199,1429.927414,1423.700041,1398.912381,1414.182653,1413.560759,1420.108027,1435.202838,1434.863712,1439.315303,1453.404768,1444.042166,1456.922991,1424.430231,1434.433534,1446.304003,1446.391358,1463.387526,1485.421979,1496.386668,1499.589709,1495.211719,1502.349712,1509.240592,1530.067829,1532.430773,1678.9443,1630.591922,1636.613036,1638.34827,1643.033126,1631.603831,1648.830727,1668.363655,1701.61735,1706.231701,1685.560704,1694.299441,1700.246069,1723.073797,1741.682887,1745.057052,1758.682198,1770.34131,1786.777421,1820.303441,1829.169295,1834.541878,1827.769406,1848.579379,1849.700876,1879.600517,1889.75742,1896.787394,1906.328252,1907.514147,1923.907373,1943.01326,1947.676358,1957.181349,1973.802872,1973.471095,1966.019515,1953.440349,2015.909326,1998.691473,1999.368921,2023.704748,2028.772806,2031.600202,2026.701099,2052.771299,2074.297922,2094.122411,2095.828074,2075.617067,2108.671367,2134.691425,2136.33797,2146.348089,2144.750117,2166.843771,2188.982183,2197.000299,2215.468715,2205.322145,2212.548899,2219.781586,2245.465224,2265.064262,2305.735496,2312.23235,2336.282254,2311.85273,2325.472203,2347.576283,2345.504496,2392.8842,2372.489798,2415.28024,2419.784929,2414.231721,2389.853634,2328.954267,2399.081306,2435.938425,2429.501209,2433.805411,2460.330952,2499.239146,2513.084909,2493.264389,2512.40195,2546.654141,2542.514677,2542.070768,2535.19888,2598.155586,2523.409395,2524.648213,2514.185746,2559.075052,2583.652921,2604.369177,2577.007818,2633.009994,2609.480906,2563.669686,2487.630293,2506.021816,2504.608931,2520.475781,2529.046628,2547.274978,2560.438924,2706.645429,2804.723985,2840.180063,2821.316803,2922.409878,2949.962453,2957.571439,2920.929911,2934.612283,2942.074089,2975.779809,2975.643953,2963.491921,3042.861781
5520000,1605.418637,1562.148938,1546.183861,1542.256538,1533.882918,1549.291255,1530.792455,1549.950435,1541.768395,1552.178335,1548.8948,1602.931653,1662.189881,1732.847543,1628.83802,1643.851588,1658.82141,1651.750957,1672.609574,1681.500171,1720.482574,1739.195049,1722.41354,1733.7216,1745.839432,1758.81645,1777.765742,1790.409311,1799.06838,1805.573989,1829.763585,1842.953784,1842.473131,1851.874713,1868.615324,1854.984008,1895.811158,1895.946049,1918.030906,1929.549608,1933.471436,1937.179852,1962.376638,1975.946686,1990.939863,1998.374535,2001.644222,2020.995919,1969.457431,2026.278834,2059.813119,2061.258161,2085.817819,2093.38062,2109.0703,2109.809787,2126.512617,2136.958919,2154.146556,2085.371859,2044.089965,2093.116686,2095.643119,2111.748785,2133.236777,2101.027315,2166.488412,2163.759743,2215.395175,2191.730615,2186.544034,2213.925287,2193.347585,2205.513547,2220.944303,2288.393482,2296.610538,2308.808602,2329.48545,2272.406291,2366.024685,2353.697036,2343.645705,2369.441548,2378.495908,2412.086743,2429.477043,2429.358432,2398.785728,2338.49684,2378.179741,2454.658373,2421.729167,2485.451913,2498.056167,2487.576876,2533.515606,2500.940449,2545.476169,2575.956335,2571.817404,2550.841254,2597.629223,2609.047341,2635.679183,2609.961003,2632.104923,2644.901247,2657.636949,2625.139476,2656.891113,2664.325101,2641.800033,2452.189745,2458.009809,2477.330525,2478.411543,2489.66556,2509.519061,2528.661295,2586.461048,2804.400328,2872.141319,2864.267163,2886.876608,2861.787138,2941.058075,2947.98163,2950.909239,2922.482598,2966.540559,3024.082466,3000.113654,3040.307154,2812.485374,2688.383433,2708.444098,2718.870549,2726.682347,2733.020938,2756.139148,2822.824084,3065.310247,3039.689333,3089.430261,3101.51071,3108.219016,3089.888021,3158.458113,3225.698524
6020000,1912.42973,1846.963753,1854.319255,1840.534107,1832.971707,1839.815266,1836.761715,1840.619722,1839.730592,1857.253519,1866.389701,1876.619842,1872.444428,1887.915524,1910.725142,1919.793365,1940.853462,1928.955103,1924.307909,1957.048094,1974.332705,1991.305843,1991.871562,1998.225669,2020.088002,2038.582457,2045.331538,2059.691233,2068.737799,2085.464234,2100.670282,2110.593682,2089.222272,2066.605579,2143.85559,2173.075056,2190.787278,2181.990367,2201.92197,2210.047923,2222.375569,2227.07086,2258.438352,2264.561138,2278.551769,2296.251866,2307.246207,2318.460864,2326.797268,2341.269346,2358.051161,2370.073024,2376.814884,2391.909836,2416.540587,2413.000081,2431.52689,2463.23138,2485.639101,2498.300596,2522.734027,2491.872642,2550.010454,2529.005119,2548.989487,2578.58612,2592.247594,2609.767969,2589.219723,2588.850726,2552.600941,2588.001977,2634.439239,2570.329158,2589.175687,2641.54467,2709.546055,2714.99926,2723.434651,2741.196569,2754.195646,2747.147249,2764.0301,2788.93656,2687.908382,2680.717658,2739.044234,2769.186617,2760.097529,2781.164392,2792.305373,2820.892202,2832.431725,2833.298603,2827.224998,2820.191268,2798.684576,2824.241923,2855.117748,2903.460133,3009.479247,3041.354191,3043.552401,3059.940388,3060.899506,3087.929777,3140.989874,3203.577114,3237.781124,3180.874002,3199.378105,3229.821399,3098.81694,3046.58703,3052.999736,3046.572939,3028.238902,3082.59663,3084.682911,3373.700505,3256.087404,3285.020332,3300.363819,3347.612431,3368.581416,3334.84052,3362.364849,3355.252422,3393.568205,3448.457871,3436.492403,3463.802808,3500.755482,3466.370612,3495.750723,3537.965251,3507.152434,3556.167022,3561.010074,3542.444122,3598.881189,3625.892582,3567.891388,3628.028252,3687.829825,3659.513875,3692.686187,3741.296173,3745.605758,3737.84338
6520000,2131.272516,2107.423481,2080.132044,2082.39421,2066.852687,2074.112193,2068.660939,2069.345277,2081.821288,2090.420373,2098.700445,2102.225237,2096.344673,2109.975472,2127.319158,2171.374168,2172.350878,2174.478559,2200.781624,2188.212527,2241.46107,2234.672801,2228.550789,2246.001637,2273.065883,2285.304094,2289.824252,2303.962334,2320.379488,2301.146556,2310.214629,2314.515676,2352.501684,2247.660765,2276.080404,2330.997922,2421.466801,2430.977512,2446.164157,2455.409965,2472.970899,2490.789576,2497.16446,2495.417472,2508.181715,2432.330246,2432.92843,2474.606069,2517.689325,2535.247004,2535.68212,2544.659312,2550.214049,2563.678812,2552.091075,2571.103807,2627.577408,2674.578555,2692.534862,2683.205768,2559.74539,2279.362293,2294.713249,2300.558764,2545.442868,2842.073084,2861.057958,2857.874608,2869.187202,2894.09056,2897.285874,2916.20408,2939.030417,3011.368911,2988.479016,2999.541531,3006.328378,3011.737669,2968.43505,2959.442531,2958.22326,2954.378473,3016.316757,2991.064766,3133.070222,3169.122287,3133.656298,3137.564007,3160.160127,3193.541765,3188.62282,3186.27916,3216.184115,3206.784936,3237.839617,3292.792891,3297.380449,3332.53725,3345.386128,3331.153436,3354.652636,3378.279209,3388.039652,3371.750851,3423.065319,3447.435388,3425.942523,3456.761354,3419.115654,3488.485947,3505.617698,3537.132599,3513.502141,3543.21624,3566.127227,3545.865977,3601.737561,3610.367704,3599.519703,3641.249903,3648.800385,3637.573666,3689.21283,3674.072838,3723.97249,3793.002342,3787.19619,3781.472458,3810.893541,3789.535019,3840.980753,3854.395101,3817.505019,3736.998982,3845.561572,3787.545973,3859.493558,3910.723214,3909.742924,3927.075972,3908.682894,3947.612451,3962.782659,3838.371691,3856.034187,3917.754696,3880.204181,3965.048914,3948.295405,3946.568166
7020000,2219.624781,2185.943219,2177.69099,2200.833999,2206.619271,2190.49594,2187.068196,2191.555173,2181.519738,2205.10844,2218.616321,2233.762351,2268.143622,2300.118534,2299.034771,2307.008939,2323.943346,2330.02453,2415.188155,2403.804417,2419.22223,2389.752089,2424.942922,2437.382724,2443.529693,2457.154607,2468.987878,2494.15342,2453.685522,2442.318043,2472.599533,2479.99549,2496.472038,2513.019837,2540.654815,2523.451842,2643.205299,2680.915388,2674.747169,2659.668498,2687.430133,2692.864553,2737.501513,2762.299291,2748.172796,2773.595348,2787.551528,2794.714043,2805.571592,2809.90914,2829.39965,2858.98898,2887.04486,2889.157896,2909.295883,2921.798914,2943.578536,2936.387089,2972.612241,3021.611452,3018.121851,3018.208065,2971.612861,3026.369102,3057.856108,3089.528425,3108.425601,3108.019656,3123.297301,3134.469964,3150.620786,3167.09472,3193.484545,3193.599866,3204.589769,3238.520789,3265.57327,3278.568877,3290.501075,3291.400214,3345.098224,3351.247912,3375.051764,3379.388115,3400.358458,3380.085238,3451.294069,3438.398529,3454.628811,3414.995978,3381.927157,3457.382703,3400.546238,3433.092188,3550.051342,3563.390862,3573.794427,3575.099141,3584.588173,3575.188896,3545.149302,3487.383856,3537.408606,3551.866733,3566.900983,3571.575293,3565.162253,3597.06316,3589.14499,3592.966891,3573.496627,3731.0206,3833.885885,3836.97168,3823.872351,3855.715579,3888.118372,3874.602259,3960.537983,3968.774185,3940.680167,3876.874495,3764.772983,3780.851659,3780.018674,3776.619923,3861.144598,4064.291176,4030.281759,4092.579469,4143.004475,4113.752491,4093.075547,4142.971707,4192.128782,4174.095333,4190.827434,4240.756989,4233.536225,4262.757391,4273.625163,4301.798381,4325.459693,4307.877798,4352.872569,4321.026011,4332.53368,4409.295392,4380.952243,4431.037102
7520000,2481.848531,2439.240728,2444.890654,2426.489193,2422.053203,2409.420793,2416.379283,2415.618419,2419.784358,2437.68901,2445.812349,2455.951896,2462.310402,2486.990897,2490.083925,2491.343603,2506.720017,2555.29683,2544.450747,2580.650296,2579.292241,2595.066327,2615.332066,2617.803346,2634.208207,2668.202157,2678.272876,2688.600625,2692.264683,2682.230717,2686.617742,2710.665277,2677.292263,2635.587648,2692.153522,2783.947324,2814.175449,2839.113257,2839.702408,2872.037413,2878.520371,2879.80509,2873.998194,2803.509427,2832.076942,2871.058139,2894.088709,2879.323556,2921.160148,2946.989391,2923.359406,2948.870161,2968.716012,3026.170088,3050.913206,3055.999316,3074.50312,2658.346091,2922.311368,3128.366699,3221.680978,3238.292058,3240.234695,3265.678081,3284.600792,3291.874422,3294.591684,3376.173786,3402.871809,3378.529551,3408.206936,3396.609776,3312.715117,3330.469874,3343.615509,3358.649166,3353.585532,3548.820229,3548.246108,3499.760415,3544.774221,3572.743313,3575.523129,3579.38062,3610.41211,3623.242629,3657.280208,3681.482042,3682.028404,3730.695077,3704.012041,3748.513397,3785.262082,3770.663565,3795.103739,3809.388349,3826.812481,3856.012658,3824.151423,3836.051717,3914.520933,3917.527725,3935.448364,3938.638252,3959.877529,3982.311506,4001.496691,4001.676306,4036.477869,4038.949388,4079.532136,4075.453212,4072.601052,4169.650915,4195.258645,4175.582832,4234.87998,4163.886395,4263.131056,4278.554832,4241.783079,4142.7105,4239.205354,4206.440639,4279.926505,4314.223606,4356.881136,4340.277747,4360.194978,4409.276077,4250.002913,4291.297654,4307.254806,4323.303049,4390.023557,4347.099707,4415.241769,4321.923839,4282.776378,4264.379285,4282.313879,4283.114848,4575.107178,4636.485535,4629.108106,4681.329535,4697.60032,4844.852808,4864.026891,4820.685782
8020000,2702.005668,2604.481963,2582.23727,2577.003734,2559.090876,2556.138233,2570.844296,2561.180914,2668.463519,2680.82934,2635.290233,2631.034172,2648.24589,2704.14205,2680.363188,2693.468686,2720.801347,2736.415367,2755.031717,2778.435604,2803.597802,2800.200383,2799.637492,2834.348892,2860.383748,2877.186153,2880.096324,2905.78595,2926.299011,2934.196475,2950.294395,2977.143311,2946.190104,2931.644754,3022.881208,3050.452501,3048.181574,3078.560864,3083.515189,3112.478536,3122.841213,3139.1215,3168.889921,3168.495519,3197.288481,3223.151097,3244.285759,3260.760832,3271.071619,3265.485529,3303.057584,3335.546724,3360.6479,3365.55922,3427.635305,3395.186134,3426.674421,3464.123177,3475.4,3456.310564,3430.536213,3443.72277,3427.566882,3374.852975,3491.552212,3574.681534,3587.856543,3585.450314,3606.115483,3599.545863,3614.205066,3481.505492,3531.68568,3576.198129,3572.283342,3607.04722,3618.056088,3613.989869,3707.881397,3721.724754,3706.486985,3693.827345,3720.237863,3779.604251,3901.480066,3895.632997,3931.295864,3985.576907,4056.388887,4070.105108,4022.601651,4038.635214,4086.909417,3992.154147,3928.421055,3940.576201,3956.088094,3966.7789,4219.770787,4182.341663,4222.529409,4203.550638,4283.277662,4225.080029,4250.408666,4282.054066,4313.737279,4339.250682,4356.240433,4338.405209,4403.728656,4406.359286,4436.234827,4453.707607,4461.749057,4502.562111,4443.217971,4534.974518,4542.982812,4555.857444,4573.995646,4586.267669,4635.238666,4621.583386,4641.862222,4670.811304,4693.609473,4690.467943,4709.851325,4781.498563,4799.489458,4819.874868,4767.808359,4864.35849,4844.872044,4775.71241,4746.816712,4813.234901,4815.563051,4926.756191,4928.225488,4925.381063,4954.381207,4953.734941,4905.277691,4911.199685,4903.231767,4944.388373,4941.33358,4966.400875
8520000,2879.878745,2835.757222,2805.468066,2768.272015,2789.542706,2761.83943,2770.415833,2811.978096,2865.606465,2859.494291,2865.262124,2888.881907,2911.929769,2905.748725,2923.38481,2938.057062,2953.131045,2982.030125,3001.55765,3035.707581,3021.29518,2966.878884,2979.484616,3002.254483,3012.8453,3043.821061,3064.12432,3089.247512,3112.422001,3127.143234,3161.680125,3229.063584,3233.788857,3251.905943,3282.347563,3288.296512,3309.380701,3335.515528,3345.17377,3359.454823,3393.580492,3398.744701,3424.987645,3445.669292,3461.739797,3487.999512,3492.965046,3518.94437,3541.933149,3560.446837,3554.497891,3498.973568,3618.793861,3637.16464,3653.202077,3664.444367,3663.419318,3721.03784,3741.908759,3740.283283,3753.042325,3784.409116,3795.577238,3824.858891,3830.091396,3833.160393,3903.298075,3926.099583,3930.313185,3971.945329,3932.718723,3997.784518,4015.828996,3991.705267,3976.07139,3974.683457,4003.163828,3928.290833,4058.927256,4109.163688,4130.691397,4141.129994,4126.995519,4161.5732,4030.144477,4105.096038,4112.876621,4118.186779,4181.953613,4124.421887,4203.893879,4189.033647,4257.019954,4254.953029,4246.208244,4262.345538,4325.198954,4471.073953,4447.265239,4497.541696,4427.092692,4554.238809,4587.728402,4627.112018,4627.099551,4512.331942,4506.704758,4468.204814,4487.268026,4524.202433,4673.889652,4668.092228,4682.822718,4717.187384,4789.578206,4779.72491,4829.731189,4841.370946,4883.865484,4870.945905,4904.13609,4922.015777,4935.336619,4982.597486,4997.191695,5000.422003,5028.995326,5050.199902,4975.851555,5085.965852,5082.995406,5123.499963,5121.484945,5178.054514,5172.324179,5218.129309,5212.051223,5240.126308,5222.633323,5269.408764,5348.412919,5377.693736,5393.897234,5395.279902,5424.609657,5370.787934,5284.801635,5344.975515,5334.99329,5467.034029
9020000,3082.174299,3021.305768,2991.440936,2950.20069,2928.149727,2838.895143,2821.27572,2858.369511,2899.541622,2888.705682,2902.947955,2948.576008,3015.948146,3003.44687,3013.587318,3026.435786,3035.24462,3054.091784,3074.870371,3157.095744,3185.884016,3179.429401,3212.888263,3229.049284,3255.015533,3293.730857,3336.995583,3330.673818,3312.259646,3337.980765,3350.789007,3322.454664,3339.783086,3340.944582,3374.565599,3370.35424,3432.285631,3487.696229,3482.582958,3496.568713,3538.336663,3590.645437,3596.013684,3600.245364,3624.329235,3663.696819,3699.260941,3717.327647,3739.180573,3756.01462,3759.836893,3787.221079,3812.088815,3828.213099,3851.175541,3858.298735,3903.52339,3910.635111,3886.648904,3894.595245,3967.851191,3996.686957,4016.348903,3996.132449,4064.973093,4083.231136,4097.494864,4120.531132,4136.299067,4146.098747,4165.577773,4157.962134,4207.200957,4265.87164,4291.99237,4299.868677,4298.528499,4322.773567,4356.325841,4374.691741,4312.516093,4313.527196,4280.832944,4319.019812,4447.904575,4447.508702,4476.413838,4482.917317,4467.793913,4393.281087,4447.298702,4479.535639,4476.410298,4490.608244,4489.917,4510.608125,4529.268687,4532.050062,4512.404729,4518.087951,4714.756471,4781.108507,4802.134041,4852.242065,4896.897878,4904.949448,4951.099453,4927.538,4767.410816,4714.417746,4745.688745,4749.903215,4880.590307,4955.959787,5010.711012,5021.361188,5061.836913,5117.299833,5136.985396,5180.280708,5203.032916,5218.819804,5236.567125,5236.195799,5256.875515,5303.95852,5361.067707,5325.294073,5388.244623,5369.386176,5355.018424,5404.594107,5453.558611,5453.334949,5498.464024,5504.449683,5533.305071,5536.853951,5568.360931,5577.111554,5608.330489,5642.170166,5673.922247,5683.245812,5714.620502,5755.236407,5613.174612,5671.776554,5605.66718,5757.586569
9520000,3293.230707,3232.294086,3218.468557,3183.830208,3151.424898,3137.079425,2989.636873,3017.594658,3071.994462,3071.792912,3096.767845,3165.728464,3192.352952,3223.519469,3233.742817,3236.296673,3246.314904,3247.124114,3364.816897,3390.59535,3393.091056,3402.155497,3433.529321,3457.28861,3485.137224,3508.491604,3551.60917,3552.878784,3555.78357,3532.483471,3550.113943,3539.138886,3560.59634,3568.475583,3577.717291,3646.187046,3656.294638,3685.092992,3772.826687,3785.402,3783.622977,3825.172765,3842.607342,3878.032898,3873.64169,3916.957736,3953.979987,3932.59759,3980.902636,4002.634914,4015.806178,4036.522991,4053.057339,4105.061283,4103.39976,4016.292777,4141.131681,4170.646015,4186.024817,4189.211942,4198.565076,4271.840768,4257.868797,4302.721955,4319.21505,4337.457162,4383.314462,4370.014053,4406.109362,4449.968428,4461.88134,4502.857104,4475.19726,4541.156014,4565.195716,4525.307333,4469.463549,4511.897584,4433.16676,4588.242855,4650.217192,4653.538118,4679.074861,4682.191776,4633.335581,4716.690224,4667.777609,4644.437926,4681.693799,4643.317021,4703.482358,4758.329316,4737.564447,4758.855631,4772.835952,4873.226872,4987.585265,4976.827464,5045.925775,5040.162243,5107.479135,5120.737738,5150.17098,4988.739159,4950.569296,4960.326581,4997.619236,5138.637464,5153.801607,5221.593343,5243.081112,5317.950832,5302.939382,5359.606603,5370.81283,5399.911028,5404.395912,5463.05924,5462.231776,5493.219236,5548.850012,5548.15396,5571.973983,5540.169845,5551.189266,5614.318732,5646.958011,5670.010429,5717.94282,5689.331844,5736.773623,5741.106985,5781.241093,5723.422404,5844.874568,5880.199256,5889.852207,5908.293806,5948.226136,5870.729772,5841.178167,5821.026955,5942.717476,5990.507425,6009.819402,6027.935182,5923.460506,5956.656115,5957.614789,5901.13691
10020000,3480.016783,3443.709128,3420.384242,3384.675812,3402.188751,3422.659815,3446.984353,3442.390228,3436.234884,3471.509531,3475.109427,3504.093376,3509.11854,3558.741938,3561.526871,3583.167824,3541.357082,3511.576535,3541.657489,3562.330472,3585.170531,3613.300048,3669.809234,3684.231793,3701.268956,3738.197429,3754.210506,3791.061071,3839.887363,3831.549226,3855.039325,3889.051529,3891.779297,3918.764837,3944.459351,3975.107086,4018.382129,3995.862778,4037.244053,4057.868315,4090.939684,4102.845474,4129.256283,4167.794165,4160.291688,4077.025054,4229.018647,4236.154211,4275.256749,4276.136169,4328.411278,4335.457762,4347.218476,4387.026725,4387.273345,4419.326146,4434.660809,4436.324501,4519.744878,4536.054285,4562.028505,4589.693669,4583.42237,4619.66879,4634.505482,4600.053849,4607.839829,4495.742847,4517.912471,4734.948412,4746.870796,4755.351444,4753.602579,4711.017881,4561.56037,4653.212647,4723.268165,4731.866325,4836.077643,4822.53559,4845.667614,4857.281638,4952.701155,5042.400316,5037.927941,5064.083596,5085.702323,5158.311052,5189.069764,5139.290747,5055.825888,5040.77424,5075.677524,5132.813464,5314.76957,5273.572571,5336.567393,5341.025957,5353.636992,5399.975962,5421.246871,5455.700791,5475.161715,5508.671223,5535.502704,5568.276888,5558.837623,5625.250075,5547.282121,5633.672562,5655.215775,5666.212626,5680.978977,5713.033562,5756.280067,5776.079614,5806.355431,5809.193808,5840.47097,5898.471622,5923.547773,5908.913329,5979.165014,5982.925893,5883.51046,5898.204331,5800.537246,6053.820811,6034.966847,6090.785352,6039.173952,5909.971801,5969.756177,5988.400914,6041.812415,6039.23077,5963.909339,5923.416003,5943.178194,6291.07209,6303.058522,6371.019971,6397.388235,6475.034607,6454.887745,6081.725355,6101.515989,6097.659637,6259.346858,6435.10535